-- phpMyAdmin SQL Dump
-- version 4.6.5.2
-- https://www.phpmyadmin.net/
--
-- Хост: 127.0.0.1:3306
-- Время создания: Ноя 20 2017 г., 21:42
-- Версия сервера: 5.6.34
-- Версия PHP: 7.1.0

SET SQL_MODE = "NO_AUTO_VALUE_ON_ZERO";
SET time_zone = "+00:00";


/*!40101 SET @OLD_CHARACTER_SET_CLIENT=@@CHARACTER_SET_CLIENT */;
/*!40101 SET @OLD_CHARACTER_SET_RESULTS=@@CHARACTER_SET_RESULTS */;
/*!40101 SET @OLD_COLLATION_CONNECTION=@@COLLATION_CONNECTION */;
/*!40101 SET NAMES utf8mb4 */;

--
-- База данных: `sportclub`
--

-- --------------------------------------------------------

--
-- Структура таблицы `клиент`
--

CREATE TABLE `клиент` (
  `id_клиент` int(11) NOT NULL,
  `стаж_клиента` int(11) DEFAULT NULL,
  `фамилия` varchar(100) DEFAULT NULL,
  `имя` varchar(100) DEFAULT NULL,
  `отчество` varchar(100) DEFAULT NULL,
  `телефон` varchar(15) DEFAULT NULL,
  `баланс_счета` decimal(10,2) DEFAULT NULL,
  `login` varchar(45) DEFAULT NULL,
  `pswd` varchar(45) DEFAULT NULL,
  `дата_вступления` date NOT NULL
) ENGINE=InnoDB DEFAULT CHARSET=utf8;

--
-- Дамп данных таблицы `клиент`
--

INSERT INTO `клиент` (`id_клиент`, `стаж_клиента`, `фамилия`, `имя`, `отчество`, `телефон`, `баланс_счета`, `login`, `pswd`, `дата_вступления`) VALUES
(1, 12, 'Филипов', 'Кирилл', 'Евгеньевич', '+7978-562-11-25', '345.00', NULL, NULL, '0000-00-00'),
(2, 0, 'Новиков', 'Максим', 'Альбертович', '+7978-562-11-26', '1200.00', NULL, NULL, '0000-00-00'),
(3, 2, 'Малютина', 'Елена', 'Александровна', '+7978-562-11-27', '2500.00', NULL, NULL, '0000-00-00'),
(4, 0, 'Кислова', 'Наталья', 'Владимировна', '+7978-562-11-28', '680.00', NULL, NULL, '0000-00-00'),
(5, 0, 'Лаштувка', 'Ян', 'Дольфович', '+7978-562-11-29', '3900.00', NULL, NULL, '0000-00-00'),
(6, 2, 'Онис', 'Дэниель', NULL, '+7978-562-11-30', '650.00', NULL, NULL, '0000-00-00'),
(7, 0, 'Краснов', 'Егор', 'Петрович', '+7978-562-11-31', '2210.00', NULL, NULL, '0000-00-00'),
(8, 0, 'Рей-Лионард', 'Джордж', NULL, '+7978-562-11-32', '1325.00', NULL, NULL, '0000-00-00'),
(9, 6, 'Вайгалов', 'Никита', 'Федорович', '+7978-562-11-33', '1000.00', NULL, NULL, '0000-00-00'),
(10, 0, 'Норман', 'Роман', 'Степанович', '+7978-562-11-34', '3680.00', NULL, NULL, '0000-00-00'),
(11, 6, 'Козлова', 'Людмила', 'Николаевна', '+7978-562-11-35', '150.00', NULL, NULL, '0000-00-00'),
(12, 0, 'Игнатьева', 'Ната', 'Дмитриевна', '+7978-562-11-36', '250.00', NULL, NULL, '0000-00-00'),
(13, 0, 'Занозина', 'Виктория', 'Сергеевна', '+7978-562-11-37', '350.00', NULL, NULL, '0000-00-00'),
(14, 0, 'Лампард', 'Фрэнк', NULL, '+7978-562-11-38', '1250.00', NULL, NULL, '0000-00-00'),
(15, 0, 'Большов', 'Илья', 'Олегович', '+7978-562-11-39', '150.00', NULL, NULL, '0000-00-00'),
(16, 6, 'Силаева', 'Юлия', 'Захаровна', '+7978-562-11-40', '1300.00', NULL, NULL, '0000-00-00'),
(17, 0, 'Рот', 'Герман', 'Эрихович', '+7978-562-11-41', '100.00', NULL, NULL, '0000-00-00'),
(18, 0, 'Горловиза', 'Виниамин', 'Валентинович', '+7978-562-11-42', '240.00', NULL, NULL, '0000-00-00'),
(19, 24, 'Петрова', 'Дарья', 'Ивановна', '+7978-562-11-43', '300.00', NULL, NULL, '0000-00-00'),
(20, 0, 'Смолова', 'Катерина', 'Петровна', '+7978-562-11-44', '250.00', NULL, NULL, '0000-00-00');

-- --------------------------------------------------------

--
-- Структура таблицы `посещение-клиент`
--

CREATE TABLE `посещение-клиент` (
  `id_посещение` int(11) NOT NULL,
  `Клиент_id_клиент` int(11) NOT NULL
) ENGINE=InnoDB DEFAULT CHARSET=utf8;

--
-- Дамп данных таблицы `посещение-клиент`
--

INSERT INTO `посещение-клиент` (`id_посещение`, `Клиент_id_клиент`) VALUES
(8, 1),
(11, 1),
(37, 1),
(7, 2),
(14, 2),
(38, 2),
(9, 3),
(20, 3),
(31, 3),
(5, 4),
(15, 4),
(34, 4),
(4, 5),
(25, 5),
(40, 5),
(6, 6),
(28, 6),
(2, 7),
(26, 7),
(1, 8),
(22, 8),
(3, 9),
(19, 9),
(10, 10),
(17, 10),
(16, 11),
(32, 11),
(21, 12),
(35, 12),
(18, 13),
(33, 13),
(27, 14),
(36, 14),
(23, 15),
(39, 15),
(29, 16),
(30, 17),
(24, 18),
(13, 19),
(12, 20);

-- --------------------------------------------------------

--
-- Структура таблицы `посещение-спортзал`
--

CREATE TABLE `посещение-спортзал` (
  `id_посещение` int(11) NOT NULL,
  `Занятие-спортзал_id_занятие` int(11) NOT NULL,
  `Занятие-спортзал_Спортзал_id_спортзал` int(11) NOT NULL
) ENGINE=InnoDB DEFAULT CHARSET=utf8;

--
-- Дамп данных таблицы `посещение-спортзал`
--

INSERT INTO `посещение-спортзал` (`id_посещение`, `Занятие-спортзал_id_занятие`, `Занятие-спортзал_Спортзал_id_спортзал`) VALUES
(1, 1, 1),
(2, 1, 1),
(3, 1, 1),
(11, 1, 1),
(25, 1, 1),
(4, 2, 2),
(22, 2, 2),
(5, 3, 3),
(6, 3, 3),
(17, 3, 3),
(21, 3, 3),
(14, 5, 1),
(27, 5, 1),
(33, 5, 1),
(39, 5, 1),
(18, 6, 2),
(24, 6, 2),
(30, 6, 2),
(36, 6, 2),
(37, 6, 2),
(8, 7, 3),
(16, 7, 3),
(35, 7, 3),
(13, 8, 4),
(26, 8, 4),
(38, 8, 4),
(9, 9, 1),
(12, 9, 1),
(15, 9, 1),
(40, 9, 1),
(7, 10, 2),
(10, 10, 2),
(19, 11, 3),
(23, 11, 3),
(29, 11, 3),
(31, 11, 3),
(20, 12, 4),
(28, 12, 4),
(32, 12, 4),
(34, 12, 4);

-- --------------------------------------------------------

--
-- Структура таблицы `администратор`
--

CREATE TABLE `администратор` (
  `id_aдминистратор` int(11) NOT NULL,
  `Спортзал_id_спортзал` int(11) NOT NULL,
  `фамилия` varchar(100) DEFAULT NULL,
  `имя` varchar(100) DEFAULT NULL,
  `отчество` varchar(100) DEFAULT NULL,
  `снилс` varchar(25) DEFAULT NULL,
  `улица` varchar(100) DEFAULT NULL,
  `дом` varchar(25) DEFAULT NULL,
  `квартира` varchar(10) DEFAULT NULL,
  `телефон` varchar(15) DEFAULT NULL,
  `login` varchar(45) DEFAULT NULL,
  `pswd` varchar(45) DEFAULT NULL,
  `дата_приема_на_работу` date NOT NULL
) ENGINE=InnoDB DEFAULT CHARSET=utf8;

--
-- Дамп данных таблицы `администратор`
--

INSERT INTO `администратор` (`id_aдминистратор`, `Спортзал_id_спортзал`, `фамилия`, `имя`, `отчество`, `снилс`, `улица`, `дом`, `квартира`, `телефон`, `login`, `pswd`, `дата_приема_на_работу`) VALUES
(1, 1, 'Гадалова', 'Вера', 'Петровна', '548-6522-364-264', 'Кабанова', '11', '2', '+79783521654', NULL, NULL, '2017-11-13'),
(2, 1, 'Ждан', 'Сергей', 'Геннадьевич', '548-6522-364-265', 'Доброва', '49', '6', '+79783521655', NULL, NULL, '2017-11-13'),
(3, 2, 'Сомова', 'Анастасия', 'Филипповна', '548-6522-364-266', 'Солнца', '35', '15Б', '+79783521656', NULL, NULL, '2017-11-13'),
(4, 2, 'Глазунова', 'Рита', 'Павловна', '548-6522-364-267', 'Краматорская', '96', '31', '+79783521657', NULL, NULL, '2017-11-13'),
(5, 3, 'Рыбин', 'Андрей', 'Егорович', '548-6522-364-268', 'Зенитская', '7', '101', '+79783521658', NULL, NULL, '2017-11-13'),
(6, 3, 'Куприна', 'Светлана', 'Леонидовна', '548-6522-364-269', 'Флотская', '57', '74', '+79783521659', NULL, NULL, '2017-11-13'),
(7, 4, 'Лизовец', 'Николя', 'Львович', '548-6522-364-270', 'Рублева', '34', '19', '+79783521660', NULL, NULL, '2017-11-13'),
(8, 4, 'Ромова', 'Вероника', 'Романова', '548-6522-364-271', 'Стояновская', '6', '32', '+79783521661', NULL, NULL, '2017-11-13'),
(9, 5, 'Гобан', 'Илья', 'Валерьевич', '548-6522-364-272', 'Старый арбат', '74', '26-И', '+79783521662', NULL, NULL, '2017-11-13'),
(10, 5, 'Порохова', 'Галина', 'Николаевна', '548-6522-364-273', 'Годноя', '25', '14', '+79783521663', NULL, NULL, '2017-11-13'),
(11, 4, 'Ласкунова', 'Ирина', 'Васильевна', '548-6522-364-274', 'Любова', '18', '23', '+79783521664', NULL, NULL, '2017-11-16');

-- --------------------------------------------------------

--
-- Структура таблицы `занятие-спортзал`
--

CREATE TABLE `занятие-спортзал` (
  `id_занятие` int(11) NOT NULL,
  `Спортзал_id_спортзал` int(11) NOT NULL
) ENGINE=InnoDB DEFAULT CHARSET=utf8;

--
-- Дамп данных таблицы `занятие-спортзал`
--

INSERT INTO `занятие-спортзал` (`id_занятие`, `Спортзал_id_спортзал`) VALUES
(1, 1),
(5, 1),
(9, 1),
(2, 2),
(6, 2),
(10, 2),
(3, 3),
(7, 3),
(11, 3),
(4, 4),
(8, 4),
(12, 4);

-- --------------------------------------------------------

--
-- Структура таблицы `занятие-тренер`
--

CREATE TABLE `занятие-тренер` (
  `id_занятие` int(11) NOT NULL,
  `Тренер_id_тренер` int(11) NOT NULL,
  `Тренер_Спортивное направление_id_cпортивное направление` int(11) NOT NULL,
  `дата` datetime NOT NULL
) ENGINE=InnoDB DEFAULT CHARSET=utf8;

--
-- Дамп данных таблицы `занятие-тренер`
--

INSERT INTO `занятие-тренер` (`id_занятие`, `Тренер_id_тренер`, `Тренер_Спортивное направление_id_cпортивное направление`, `дата`) VALUES
(1, 2, 1, '2017-11-15 09:00:00'),
(2, 1, 1, '2017-11-16 09:00:00'),
(3, 9, 4, '2017-11-17 09:00:00'),
(4, 3, 1, '2017-11-18 09:00:00'),
(5, 8, 3, '2017-11-19 09:00:00'),
(6, 5, 2, '2017-11-20 09:00:00'),
(7, 4, 2, '2017-11-21 09:00:00'),
(8, 7, 3, '2017-11-22 09:00:00'),
(9, 6, 2, '2017-11-23 09:00:00'),
(10, 8, 3, '2017-11-24 09:00:00'),
(11, 11, 1, '2017-11-25 09:00:00'),
(12, 10, 4, '2017-11-26 09:00:00');

-- --------------------------------------------------------

--
-- Структура таблицы `скидка`
--

CREATE TABLE `скидка` (
  `стаж` int(11) NOT NULL COMMENT 'стаж указывается в месяцах',
  `скидка` int(11) DEFAULT NULL COMMENT 'скидка указывается в процентах'
) ENGINE=InnoDB DEFAULT CHARSET=utf8;

--
-- Дамп данных таблицы `скидка`
--

INSERT INTO `скидка` (`стаж`, `скидка`) VALUES
(0, 0),
(2, 5),
(6, 10),
(12, 15),
(18, 20),
(24, 25),
(30, 30),
(36, 35),
(42, 40),
(48, 45),
(56, 50);

-- --------------------------------------------------------

--
-- Структура таблицы `спортивное_направление`
--

CREATE TABLE `спортивное_направление` (
  `id_cпортивное_направление` int(11) NOT NULL,
  `название` varchar(45) DEFAULT NULL,
  `описание` text,
  `стоимость` decimal(10,3) DEFAULT NULL,
  `ставка_тренера` varchar(100) DEFAULT NULL
) ENGINE=InnoDB DEFAULT CHARSET=utf8;

--
-- Дамп данных таблицы `спортивное_направление`
--

INSERT INTO `спортивное_направление` (`id_cпортивное_направление`, `название`, `описание`, `стоимость`, `ставка_тренера`) VALUES
(1, 'тренажерный зал', 'Тренажерный класс высокого уровня комфорта. Лучшие современные тренажеры. Квалифицированные тренера', '150.000', '35000'),
(2, 'фитнесс', 'фитнесс зал с потрясающей энергетикой. Фитнесс поможет вам отдохнуть после повседневной рутины и попутно набрать форму', '200.000', '40000'),
(3, 'танцы', 'Удивите всех на школьной дискотеке или корпоративном вечере. Запишись на танцы и станьте асом танцевального исскусства.', '250.000', '60000'),
(4, 'бассейн', 'Бассейны для всех возрастов. Уроки плаванья для самых маленьких и общее оздаровление для взрослых людей. Дети до 5 лет на занятия допускаются только с родителями! Приходите у  нас весело и мокро! ', '450.000', '50000');

-- --------------------------------------------------------

--
-- Структура таблицы `спортзал`
--

CREATE TABLE `спортзал` (
  `id_спортзал` int(11) NOT NULL,
  `название` varchar(100) DEFAULT NULL,
  `улица` varchar(100) DEFAULT NULL,
  `дом` varchar(45) DEFAULT NULL,
  `телефон` varchar(15) DEFAULT NULL,
  `ставка_администратора` decimal(10,2) DEFAULT NULL
) ENGINE=InnoDB DEFAULT CHARSET=utf8;

--
-- Дамп данных таблицы `спортзал`
--

INSERT INTO `спортзал` (`id_спортзал`, `название`, `улица`, `дом`, `телефон`, `ставка_администратора`) VALUES
(1, 'оранжевый зал', 'ленина', '1 строение 4', '65-96-45', '35000.00'),
(2, 'зеленый зал', 'кирова', '25', '44-64-76', '35000.00'),
(3, 'красный зал', 'облачникова', '123', '145-845', '38000.00'),
(4, 'черный зал', 'островского', '55', '55-56-57', '40000.00'),
(5, 'центральный', 'гоголя', '14-Б', '35-62-56', '35000.00');

-- --------------------------------------------------------

--
-- Структура таблицы `тренер`
--

CREATE TABLE `тренер` (
  `id_тренер` int(11) NOT NULL,
  `Спортивное направление_id_cпортивное направление` int(11) NOT NULL,
  `фамилия` varchar(100) DEFAULT NULL,
  `имя` varchar(100) DEFAULT NULL,
  `отчество` varchar(100) DEFAULT NULL,
  `снилс` varchar(25) DEFAULT NULL,
  `улица` varchar(100) DEFAULT NULL,
  `дом` varchar(25) DEFAULT NULL,
  `квартира` varchar(10) DEFAULT NULL,
  `телефон` varchar(15) DEFAULT NULL,
  `квалификация` varchar(100) DEFAULT NULL COMMENT 'В этом поле указывается диптом тренели и.иили спортивный разряд',
  `login` varchar(45) DEFAULT NULL,
  `pswd` varchar(45) DEFAULT NULL,
  `дата_приема_на_работу` date NOT NULL
) ENGINE=InnoDB DEFAULT CHARSET=utf8;

--
-- Дамп данных таблицы `тренер`
--

INSERT INTO `тренер` (`id_тренер`, `Спортивное направление_id_cпортивное направление`, `фамилия`, `имя`, `отчество`, `снилс`, `улица`, `дом`, `квартира`, `телефон`, `квалификация`, `login`, `pswd`, `дата_приема_на_работу`) VALUES
(1, 1, 'Злобин', 'Иван', 'Андреевич', '152-2563-451-541', 'Пушкина', '12', '1', '+79788285545', 'диплом симфиропольского физиотерапевтического колледжа', NULL, NULL, '2017-11-13'),
(2, 1, 'Ликбер', 'Анатолий', 'Кириллович', '152-2563-451-542', 'Лермонтова', '65', '456', '+79788285546', 'кандитат в мастера спорта', NULL, NULL, '2017-11-14'),
(3, 1, 'Игнатова', 'Ольга', 'Васильевна', '152-2563-451-543', 'Толстого', '34а', '35', '+79788285547', 'кандитат в мастера спорта', NULL, NULL, '2017-11-13'),
(4, 2, 'Мухина', 'Лера', 'Андревна', '152-2563-451-544', 'Никрасова', '14', '69', '+79788285548', 'кандитат в мастера спорта', NULL, NULL, '2017-11-13'),
(5, 2, 'Сембин', 'Алексей', 'Александрович', '152-2563-451-545', 'Смлолва', '1', '1а', '+79788285549', 'диплом симфиропольского физиотерапевтического колледжа', NULL, NULL, '2017-11-13'),
(6, 2, 'Крохов', 'Эдуарт', 'Денисович', '152-2563-451-546', 'Победы правды', '53', '96', '+79788285550', 'кандитат в мастера спорта, диплом Крандштадского спортивного Университета', NULL, NULL, '2017-11-17'),
(7, 3, 'Торес', 'Фернандо', NULL, '152-2563-451-547', 'Чемпионов', '78', '47', '+79788285551', 'мастер спорта международного класса', NULL, NULL, '2017-11-13'),
(8, 3, 'Торопов', 'Даниил', 'Федорович', '152-2563-451-548', 'Рыжикова', '36', '4', '+79788285552', 'диплом симфиропольского физиотерапевтического колледжа', NULL, NULL, '2017-11-15'),
(9, 4, 'Степина', 'Елена', 'Владимировна', '152-2563-451-549', 'Семятина', '111', '76', '+79788285553', 'физиотерапвт', NULL, NULL, '2017-11-13'),
(10, 4, 'Суворова', 'Нэлли', 'Александровна', '152-2563-451-550', 'Ластовая', '23', '36', '+79788285554', 'медицинский морской институт', NULL, NULL, '2017-11-13'),
(11, 1, 'Крыха', 'Леонид', 'Сергеевич', '152-2563-451-551', 'Бастионная', '36', '12', '+79788285555', 'саратовское цирковое училище', NULL, NULL, '2017-11-18');

--
-- Индексы сохранённых таблиц
--

--
-- Индексы таблицы `клиент`
--
ALTER TABLE `клиент`
  ADD PRIMARY KEY (`id_клиент`),
  ADD KEY `fk_Клиент_Скидка1_idx` (`стаж_клиента`);

--
-- Индексы таблицы `посещение-клиент`
--
ALTER TABLE `посещение-клиент`
  ADD PRIMARY KEY (`id_посещение`,`Клиент_id_клиент`),
  ADD KEY `fk_Посещение-клиент_Клиент1_idx` (`Клиент_id_клиент`);

--
-- Индексы таблицы `посещение-спортзал`
--
ALTER TABLE `посещение-спортзал`
  ADD PRIMARY KEY (`Занятие-спортзал_id_занятие`,`Занятие-спортзал_Спортзал_id_спортзал`,`id_посещение`);

--
-- Индексы таблицы `администратор`
--
ALTER TABLE `администратор`
  ADD PRIMARY KEY (`id_aдминистратор`,`Спортзал_id_спортзал`),
  ADD KEY `fk_Администратор_Спортзал1_idx` (`Спортзал_id_спортзал`);

--
-- Индексы таблицы `занятие-спортзал`
--
ALTER TABLE `занятие-спортзал`
  ADD PRIMARY KEY (`id_занятие`,`Спортзал_id_спортзал`),
  ADD KEY `fk_Занятие-спортзал_Спортзал1_idx` (`Спортзал_id_спортзал`);

--
-- Индексы таблицы `занятие-тренер`
--
ALTER TABLE `занятие-тренер`
  ADD PRIMARY KEY (`id_занятие`,`Тренер_id_тренер`,`Тренер_Спортивное направление_id_cпортивное направление`),
  ADD KEY `fk_Занятие-тренер_Тренер1_idx` (`Тренер_id_тренер`,`Тренер_Спортивное направление_id_cпортивное направление`);

--
-- Индексы таблицы `скидка`
--
ALTER TABLE `скидка`
  ADD PRIMARY KEY (`стаж`);

--
-- Индексы таблицы `спортивное_направление`
--
ALTER TABLE `спортивное_направление`
  ADD PRIMARY KEY (`id_cпортивное_направление`);

--
-- Индексы таблицы `спортзал`
--
ALTER TABLE `спортзал`
  ADD PRIMARY KEY (`id_спортзал`);

--
-- Индексы таблицы `тренер`
--
ALTER TABLE `тренер`
  ADD PRIMARY KEY (`id_тренер`,`Спортивное направление_id_cпортивное направление`),
  ADD KEY `fk_Тренер_Спортивное направление_idx` (`Спортивное направление_id_cпортивное направление`);

--
-- AUTO_INCREMENT для сохранённых таблиц
--

--
-- AUTO_INCREMENT для таблицы `администратор`
--
ALTER TABLE `администратор`
  MODIFY `id_aдминистратор` int(11) NOT NULL AUTO_INCREMENT, AUTO_INCREMENT=12;
--
-- AUTO_INCREMENT для таблицы `спортивное_направление`
--
ALTER TABLE `спортивное_направление`
  MODIFY `id_cпортивное_направление` int(11) NOT NULL AUTO_INCREMENT, AUTO_INCREMENT=5;
--
-- AUTO_INCREMENT для таблицы `спортзал`
--
ALTER TABLE `спортзал`
  MODIFY `id_спортзал` int(11) NOT NULL AUTO_INCREMENT, AUTO_INCREMENT=6;
--
-- AUTO_INCREMENT для таблицы `тренер`
--
ALTER TABLE `тренер`
  MODIFY `id_тренер` int(11) NOT NULL AUTO_INCREMENT, AUTO_INCREMENT=12;
--
-- Ограничения внешнего ключа сохраненных таблиц
--

--
-- Ограничения внешнего ключа таблицы `клиент`
--
ALTER TABLE `клиент`
  ADD CONSTRAINT `fk_Клиент_Скидка1` FOREIGN KEY (`стаж_клиента`) REFERENCES `скидка` (`стаж`) ON DELETE SET NULL ON UPDATE SET NULL;

--
-- Ограничения внешнего ключа таблицы `посещение-клиент`
--
ALTER TABLE `посещение-клиент`
  ADD CONSTRAINT `fk_Посещение-клиент_Клиент1` FOREIGN KEY (`Клиент_id_клиент`) REFERENCES `клиент` (`id_клиент`) ON DELETE CASCADE ON UPDATE CASCADE;

--
-- Ограничения внешнего ключа таблицы `посещение-спортзал`
--
ALTER TABLE `посещение-спортзал`
  ADD CONSTRAINT `fk_Посещение-спортзал_Занятие-спо1` FOREIGN KEY (`Занятие-спортзал_id_занятие`,`Занятие-спортзал_Спортзал_id_спортзал`) REFERENCES `занятие-спортзал` (`id_занятие`, `Спортзал_id_спортзал`) ON DELETE CASCADE ON UPDATE CASCADE;

--
-- Ограничения внешнего ключа таблицы `администратор`
--
ALTER TABLE `администратор`
  ADD CONSTRAINT `fk_Администратор_Спортзал1` FOREIGN KEY (`Спортзал_id_спортзал`) REFERENCES `спортзал` (`id_спортзал`) ON DELETE CASCADE ON UPDATE CASCADE;

--
-- Ограничения внешнего ключа таблицы `занятие-спортзал`
--
ALTER TABLE `занятие-спортзал`
  ADD CONSTRAINT `fk_Занятие-спортзал_Спортзал1` FOREIGN KEY (`Спортзал_id_спортзал`) REFERENCES `спортзал` (`id_спортзал`) ON DELETE CASCADE ON UPDATE CASCADE;

--
-- Ограничения внешнего ключа таблицы `занятие-тренер`
--
ALTER TABLE `занятие-тренер`
  ADD CONSTRAINT `fk_Занятие-тренер_Тренер1` FOREIGN KEY (`Тренер_id_тренер`,`Тренер_Спортивное направление_id_cпортивное направление`) REFERENCES `тренер` (`id_тренер`, `Спортивное направление_id_cпортивное направление`) ON DELETE CASCADE ON UPDATE CASCADE;

--
-- Ограничения внешнего ключа таблицы `тренер`
--
ALTER TABLE `тренер`
  ADD CONSTRAINT `fk_Тренер_Спортивное направление` FOREIGN KEY (`Спортивное направление_id_cпортивное направление`) REFERENCES `спортивное_направление` (`id_cпортивное_направление`) ON DELETE CASCADE ON UPDATE CASCADE;

/*!40101 SET CHARACTER_SET_CLIENT=@OLD_CHARACTER_SET_CLIENT */;
/*!40101 SET CHARACTER_SET_RESULTS=@OLD_CHARACTER_SET_RESULTS */;
/*!40101 SET COLLATION_CONNECTION=@OLD_COLLATION_CONNECTION */;
